ACCION RECOMENDADA,CLASE,VISTAS,TITULO,FECHA,ENGAGEMENT %,RAZON,VER VIDEO,EDITAR EN STUDIO
PONER EN PRIVADO,desconectado,1520176,El Justiciero Anónimo: El Nuevo Superhéroe Mexicano que Lucha en las Sombras,2016-11-04,1.184,"Nota viral de un vigilante urbano real: ni misterio, ni paranormal, ni leyenda; contenido de noticiero que confunde al algoritmo y no calza en ningun hermano.",https://www.youtube.com/watch?v=CnDAGSHFTUU,https://studio.youtube.com/video/CnDAGSHFTUU/edit
PONER EN PRIVADO,desconectado,1189356,La Leyenda de Mumm-Ra El Inmortal: La Historia Completa del Villano Eterno,2016-11-06,1.177,"Mumm-Ra es el villano de ThunderCats: lore de caricatura disfrazado de leyenda que atrae audiencia pop equivocada y ensucia la senal tematica; no encaja en ningun canal hermano.",https://www.youtube.com/watch?v=LHU6uJs6vyk,https://studio.youtube.com/video/LHU6uJs6vyk/edit
PONER EN PRIVADO,puente_roto,43170,Donald Trump GANA: ¿El Mundo Entero Pierde? Las Implicaciones Globales - Documental,2016-11-09,1.828,"Analisis electoral de 2016 totalmente caduco, 1.8% de engagement y cero trafico futuro: claramente resta pese a las 43k vistas.",https://www.youtube.com/watch?v=WqYNdjajnes,https://studio.youtube.com/video/WqYNdjajnes/edit
PONER EN PRIVADO,desconectado,39494,Descubre que tan aterradora es tu mente y la de los demás (RETO),2017-06-10,4.558,"Formato RETO/test psicologico de la era clickbait 2017, ajeno al documental serio; 39k vistas no compensan la confusion de formato.",https://www.youtube.com/watch?v=o5iXSdc31U8,https://studio.youtube.com/video/o5iXSdc31U8/edit
PONER EN PRIVADO,desconectado,30726,Robots y Humanos: Inteligencia Artificial y la Tecnología del Futuro - El DoQmentalista,2017-04-15,2.5,"Divulgacion tecnologica sin misterio ni marco apocaliptico (a diferencia del video de IA de 2020); 30k vistas y 2.5% de engagement, resta mas de lo que aporta.",https://www.youtube.com/watch?v=L0nIwXq6_ds,https://studio.youtube.com/video/L0nIwXq6_ds/edit
PONER EN PRIVADO,desconectado,28834,"La Historia Del Dinero, Del Trueque Al Bitcoin 5 mil años de Antigüedad al  crypto",2019-03-14,4.509,"Historia economica del dinero sin ningun angulo de misterio ni canal hermano donde encaje; 28k vistas no justifican el ruido.",https://www.youtube.com/watch?v=tkomzSq7Ouo,https://studio.youtube.com/video/tkomzSq7Ouo/edit
PONER EN PRIVADO,desconectado,26239,El DoQmentalista En Vivo Respondiendo preguntas raras y haciendo unboxing,2019-05-21,5.336,"Directo de preguntas y unboxing de 52 minutos: vida personal de canal viejo, 26k vistas prescindibles y ensucia la señal tematica.",https://www.youtube.com/watch?v=qXvpE8S7aAA,https://studio.youtube.com/video/qXvpE8S7aAA/edit
PONER EN PRIVADO,desconectado,11671,"¿El Hongo más Valioso del Mundo? Cordyceps, el Oro Biológico. #shorts #tiktok",2023-08-22,14.566,"Cordyceps es curiosidad biologica sin ningun marco de misterio (a diferencia del lago o el rio); 11k vistas en un short no compensan la dilucion tematica.",https://www.youtube.com/watch?v=PHp7ZE_kNt8,https://studio.youtube.com/video/PHp7ZE_kNt8/edit
PONER EN PRIVADO,desconectado,5874,Aviso Para Miembros De El DoQmentalista,2024-08-26,11.321,"Aviso administrativo para miembros de 2024 ya caduco; cumplio su funcion y solo ensucia el catalogo publico.",https://www.youtube.com/watch?v=78jH1iE3wpk,https://studio.youtube.com/video/78jH1iE3wpk/edit
PONER EN PRIVADO,desconectado,4695,La historia real del verdadero Scorpion. #mortalkombat #ninja #shorts #subzero,2025-09-18,5.857,"Lore de Mortal Kombat es cultura gamer, no misterio documentado; con 4.7k vistas su watch-time no compensa la senal confusa que manda al algoritmo.",https://www.youtube.com/watch?v=AagQ-LB7RPg,https://studio.youtube.com/video/AagQ-LB7RPg/edit
PONER EN PRIVADO,desconectado,4249,Descubre mi secreto para sentirme rico todo el tiempo,2024-07-03,7.484,"Motivacional de 'sentirse rico' es autoayuda generica de la era de shorts experimentales; 4.2k vistas no justifican el ruido tematico.",https://www.youtube.com/watch?v=M_JCTEjQ1qw,https://studio.youtube.com/video/M_JCTEjQ1qw/edit
PONER EN PRIVADO,desconectado,3996,Conecta con tu Pareja_ Descubre el Secreto del Amor Verdadero - El DoQmentalista,2024-06-11,7.583,"Consejo de pareja de 18 segundos es el tema mas ajeno del lote; con 4k vistas su retiro no duele y limpia la senal.",https://www.youtube.com/watch?v=i3VZkyjoCn4,https://studio.youtube.com/video/i3VZkyjoCn4/edit
PONER EN PRIVADO,desconectado,3658,Abuelas que salvaron a sus nietos de catástrofes. #shorts #abuela #tornado #explosion,2025-09-14,6.206,"Historias virales de heroismo familiar sin ningun angulo paranormal ni de misterio; no encaja en ningun canal hermano y solo diluye la identidad.",https://www.youtube.com/watch?v=WKfLeZdMQLk,https://studio.youtube.com/video/WKfLeZdMQLk/edit
PONER EN PRIVADO,desconectado,3120,El secreto para vivir hasta los 111 años,2025-08-13,7.66,"Consejo de longevidad estilo salud/autoayuda sin marco de misterio ni conspiracion; 3k vistas, aporta poco y desdibuja la senal del canal.",https://www.youtube.com/watch?v=lPSmJ6T-hJE,https://studio.youtube.com/video/lPSmJ6T-hJE/edit
PONER EN PRIVADO,desconectado,2661,Descubre el Secreto de las Curaciones Herbales: Verdad o Engaño,2024-07-13,11.387,"Short de 25s sobre remedios herbales estilo wellness, sin angulo de misterio ni volumen (2.6k vistas): confunde la senal del canal y no cuesta nada retirarlo.",https://www.youtube.com/watch?v=W3M-8_XBRec,https://studio.youtube.com/video/W3M-8_XBRec/edit
MOVER A CANAL HERMANO,desconectado,500914,Que Significa Soñar Con AGUA - El Significado de los sueños,2017-08-13,0.759,"Interpretacion de sueños es esoterismo de consulta, no documental de misterio: es contenido exacto para El Oraculo; sus 500k vistas justifican migrar el tema, no replicar el formato aqui.",https://www.youtube.com/watch?v=QcqQRxU8ZDI,https://studio.youtube.com/video/QcqQRxU8ZDI/edit
MOVER A CANAL HERMANO,desconectado,57156,"PROTEGEME DEL FIRE, vídeo musical, el DoQmentalista, (Comagno) VIDEO OFICIAL",2020-03-02,4.024,Es un video musical oficial sin marco de misterio: pertenece exactamente a El DoQmentalista Music.,https://www.youtube.com/watch?v=aVNFzbVV8BY,https://studio.youtube.com/video/aVNFzbVV8BY/edit
MOVER A CANAL HERMANO,desconectado,22976,Mexicanos Al Grito de Guerra 🇲🇽 | Himno Patriótico 2025 - El DoQmentalista (Canción Original),2025-02-16,8.269,"Cancion patriotica original sin marco de misterio: pertenece a El DoQmentalista Music, aqui rompe la coherencia del catalogo.",https://www.youtube.com/watch?v=SA8QAlZD5iM,https://studio.youtube.com/video/SA8QAlZD5iM/edit
MOVER A CANAL HERMANO,desconectado,22503,"Canción ""Padre"" - Un Viaje Musical y Emocional",2024-10-02,4.888,"Es una cancion de 3:46 sin marco de misterio; pertenece a El DoQmentalista Music y aqui rompe la expectativa del suscriptor de documentales.",https://www.youtube.com/watch?v=aeX-VyseDtg,https://studio.youtube.com/video/aeX-VyseDtg/edit
MOVER A CANAL HERMANO,desconectado,4895,El Santo de Internet #shorts #carloacutis #santo,2025-09-10,2.329,"Segundo short devocional de Carlo Acutis con engagement de 2.3% (mitad de la mediana): la audiencia de misterio no lo quiere, la de Soy De Dios si.",https://www.youtube.com/watch?v=gJY57xLVAYA,https://studio.youtube.com/video/gJY57xLVAYA/edit
MOVER A CANAL HERMANO,desconectado,3094,Santo Adolescente #shorts #carloacutis,2025-09-12,5.656,"Carlo Acutis es contenido devocional de santos, perfecto para Soy De Dios; aqui no hay enigma ni secreto, solo hagiografia.",https://www.youtube.com/watch?v=L_HOtiRESrc,https://studio.youtube.com/video/L_HOtiRESrc/edit
MOVER A CANAL HERMANO,desconectado,2415,El secreto del éxito_ Cómo manejar las adversidades de la vida - El DoQmentalista,2024-06-11,8.033,"Reflexion sobre manejar adversidades encaja en la linea fe/reflexion de Soy De Dios; en un canal de misterio es ruido con solo 2.4k vistas.",https://www.youtube.com/watch?v=NiZKuHdJEmg,https://studio.youtube.com/video/NiZKuHdJEmg/edit
MOVER A CANAL HERMANO,desconectado,1335,Lección de Caín: Evita la Maldición Eterna #shorts #enigma #documental,2025-09-02,5.468,"'Leccion de Cain: evita la maldicion' es consejo moral en formato predica; encaja en Soy De Dios, no en un canal de documentales de misterio.",https://www.youtube.com/watch?v=EmfQZvwH234,https://studio.youtube.com/video/EmfQZvwH234/edit
MOVER A CANAL HERMANO,desconectado,1122,Enoch: Sabiduría y Humildad para la Eternidad #shorts #enigma #documental,2025-09-02,4.724,"'Sabiduria y humildad' es leccion devocional sobre Enoch, no misterio sobre Enoch; pertenece a Soy De Dios.",https://www.youtube.com/watch?v=A7OGy8F_2Yw,https://studio.youtube.com/video/A7OGy8F_2Yw/edit
MOVER A CANAL HERMANO,desconectado,1021,Cómo Vencer a la Muerte: La Conexión Divina #shorts #enigma #documental,2025-09-02,6.268,"El framing 'conexion divina para vencer la muerte' es sermon de fe, no enigma: es material de Soy De Dios y aqui solo junto 1k vistas.",https://www.youtube.com/watch?v=YM5YwN4Uar0,https://studio.youtube.com/video/YM5YwN4Uar0/edit
MOVER A CANAL HERMANO,desconectado,710,Cómo Limpiar tus Cristales y Amuletos con Sal #shorts #secretos #sal,2025-09-02,4.789,"Tutorial practico de limpieza de cristales y amuletos es esoterismo aplicado: publico y formato de El Oraculo, no documental de misterio.",https://www.youtube.com/watch?v=HuzAUI22MeU,https://studio.youtube.com/video/HuzAUI22MeU/edit
MOVER A CANAL HERMANO,desconectado,687,Baños de Sal y Trucos para Proteger tu Hogar #shorts #secretos #sal,2025-09-02,5.095,"Trucos de proteccion del hogar con sal es how-to esoterico de El Oraculo; el DoQmentalista documenta misterios, no receta rituales.",https://www.youtube.com/watch?v=zDyKdusa9TE,https://studio.youtube.com/video/zDyKdusa9TE/edit
MOVER A CANAL HERMANO,desconectado,643,La Fe Vence a la Muerte: ¡Todo es Posible! #shorts #enigma #documental,2025-09-02,5.132,"'La fe vence a la muerte, todo es posible' es mensaje de aliento cristiano sin enigma alguno: material calcado de Soy De Dios.",https://www.youtube.com/watch?v=iejFNNYqo4M,https://studio.youtube.com/video/iejFNNYqo4M/edit
MOVER A CANAL HERMANO,desconectado,624,El Secreto de los Baños de Sal alrededor del Mundo #shorts #secretos #sal,2025-09-02,4.968,"Recorrido de banos rituales de sal es practica esoterica de bienestar, no documental de misterio: El Oraculo es su casa.",https://www.youtube.com/watch?v=7lZM9-_nYR0,https://studio.youtube.com/video/7lZM9-_nYR0/edit
MOVER A CANAL HERMANO,desconectado,474,La Sal: Un Secreto Milenario en Cada Cristal #shorts #secretos #sal,2025-09-02,6.118,"Cristales y energias en clave de uso personal pertenecen a El Oraculo; con 474 vistas moverlo es gratis.",https://www.youtube.com/watch?v=9IuAse3kUK0,https://studio.youtube.com/video/9IuAse3kUK0/edit
MOVER A CANAL HERMANO,desconectado,360,Descubre el Poder Mágico y Místico de la Sal #shorts #secretos #sal,2025-09-02,6.111,"'Descubre el poder magico' invita a usar la sal, no a investigar un enigma; formato y promesa de El Oraculo.",https://www.youtube.com/watch?v=2NEeEXBBavQ,https://studio.youtube.com/video/2NEeEXBBavQ/edit
MOVER A CANAL HERMANO,desconectado,347,Enoch: Caminar con Dios para Vencer a Muerte #shorts #enigma #documental,2025-09-02,6.052,'Caminar con Dios' es exhortacion devocional pura con 347 vistas: moverlo a Soy De Dios no cuesta nada y limpia la senal.,https://www.youtube.com/watch?v=-UaZuzWF37o,https://studio.youtube.com/video/-UaZuzWF37o/edit
MOVER A CANAL HERMANO,desconectado,305,Limpia tu Casa de Energías Negativas con Sal #shorts #secretos #sal,2025-09-02,7.869,"Limpia energetica de la casa es ritual practico paso a paso: formato de consejos de El Oraculo, ajeno al tono documental del canal.",https://www.youtube.com/watch?v=HoELgx_kOPc,https://studio.youtube.com/video/HoELgx_kOPc/edit
MOVER A CANAL HERMANO,desconectado,262,Feng Shui: Equilibra la Energía de tu Hogar con Sal #shorts #secretos #sal,2025-09-02,6.489,"Feng shui domestico es bienestar energetico sin misterio ni documento; encaja exacto en El Oraculo.",https://www.youtube.com/watch?v=ibnzAxBDeN4,https://studio.youtube.com/video/ibnzAxBDeN4/edit
RE-EMPACAR (rescatable),coherente,2332055,El Silbón: La Aterradora Leyenda que Aún Acecha - Historias de Terror Reales y Creepypasta,2016-09-14,1.158,"El Silbon es leyenda latinoamericana nuclear del nicho; conviene quitar 'Creepypasta' del titulo, palabra ajena que degrada un documental de leyenda seria.",https://www.youtube.com/watch?v=cL8BO_pQsbE,https://studio.youtube.com/video/cL8BO_pQsbE/edit
RE-EMPACAR (rescatable),puente_roto,839297,7 Lugares Escalofriantes del Mundo - Parte 1 Documental,2016-12-13,1.191,"Lugares malditos encajan, pero el formato lista '7 lugares - Parte 1' es de la era top-list; un titulo centrado en un lugar ancla podria revivirlo.",https://www.youtube.com/watch?v=csqFWtbh5Kc,https://studio.youtube.com/video/csqFWtbh5Kc/edit
RE-EMPACAR (rescatable),puente_roto,742258,Criaturas Misteriosas en Ecuador 👁️: Videos de Terror Real - El DoQmentalista,2017-04-02,1.132,"La criptozoologia encaja, pero el empaque 'Videos de Terror Real' es de la era recopilatoria 2017; retitulado como documental de criaturas de Ecuador reconectaria.",https://www.youtube.com/watch?v=k_YgboFrq_U,https://studio.youtube.com/video/k_YgboFrq_U/edit
RE-EMPACAR (rescatable),puente_roto,612748,¿Por Qué Los Menonitas o Amish Rechazan la Tecnologia? - Documentales Completos en Español,2017-10-14,1.175,"Con 612k vistas vale conservarlo, pero hoy se lee como reportaje cultural: retitulado como 'el enigma de la comunidad que rechaza el mundo moderno' reconecta con el pilar de comunidades hermeticas.",https://www.youtube.com/watch?v=eaZbBUXnrXI,https://studio.youtube.com/video/eaZbBUXnrXI/edit
RE-EMPACAR (rescatable),puente_roto,483680,Top 10 Ciudades Fantasmas Más Increíbles del Mundo: Lugares Abandonados y Misteriosos,2016-10-04,1.075,"Ciudades fantasma son territorio del canal, pero el envoltorio 'Top 10' es formato quemado de 2016; retitular hacia el misterio de un caso concreto podria reconectarlo.",https://www.youtube.com/watch?v=6r3qs8z5MtI,https://studio.youtube.com/video/6r3qs8z5MtI/edit
RE-EMPACAR (rescatable),coherente,122064,"Cómo Vuelan Las Brujas su secreto El Beleño, videos de entretenimiento, ¿Te animarias?",2020-07-23,4.588,"Brujeria e historia del beleño es nicho puro, pero el titulo con 'videos de entretenimiento, Te animarias?' sabotea el marco documental serio.",https://www.youtube.com/watch?v=ssQQI_6or5s,https://studio.youtube.com/video/ssQQI_6or5s/edit
RE-EMPACAR (rescatable),coherente,62711,TUTORIAL DE COMO HACER UN VIAJE ASTRAL,2020-05-25,8.451,"Viaje astral es paranormal del nicho y tiene el engagement mas alto del lote (8.45%), pero la palabra 'TUTORIAL' lo disfraza de video de otro genero; retitular como documental de misterio.",https://www.youtube.com/watch?v=NX86w7IQy9Q,https://studio.youtube.com/video/NX86w7IQy9Q/edit
RE-EMPACAR (rescatable),coherente,62074,Canobie Dick Y El Secreto Para Convertirse En Rey / EL DOQMENTALISTA,2018-05-20,3.705,"Canobie Dick es leyenda escocesa de pacto con el diablo (nicho puro), pero el titulo no dice 'leyenda' ni 'pacto' y por eso ni el filtro ni el espectador lo reconocen.",https://www.youtube.com/watch?v=PhdCYoo4oYI,https://studio.youtube.com/video/PhdCYoo4oYI/edit
RE-EMPACAR (rescatable),puente_roto,31260,"La Inteligencia Artificial, El Fin Del Mundo, Robots malvados",2020-01-28,6.398,"El angulo 'IA como fin del mundo' puede reconectarse al pilar de profecias apocalipticas con titulo tipo 'La profecia de las maquinas', hoy el titulo lo vende como video de tecnologia.",https://www.youtube.com/watch?v=iPj14hVA25M,https://studio.youtube.com/video/iPj14hVA25M/edit
RE-EMPACAR (rescatable),coherente,25827,Secreto Vaticano: Experimentos contra Dios. ASMR,2025-09-04,8.131,"Tema Vaticano puro, pero la etiqueta 'ASMR' en el titulo confunde al clasificador y a la audiencia; quitarla o moverla a la descripcion.",https://www.youtube.com/watch?v=OdXQKQ6Tsgs,https://studio.youtube.com/video/OdXQKQ6Tsgs/edit
RE-EMPACAR (rescatable),coherente,22284,Los Ángeles No Tienen Cuerpo Físico #youtube #tiktok #video #shorts,2023-07-01,17.501,"Angeles sin cuerpo fisico es tema central con 17.5% de engagement y 22k vistas; solo los hashtags del titulo dispararon el filtro, quitarlos.",https://www.youtube.com/watch?v=w10a2q4gCgw,https://studio.youtube.com/video/w10a2q4gCgw/edit
RE-EMPACAR (rescatable),coherente,12529,El trágico Destino de Santa Lucia #shorts #tiktok,2023-08-22,8.78,"El destino tragico de Santa Lucia es leyenda religiosa del nicho; quitar los hashtags '#shorts #tiktok' que ensucian el titulo y confundieron al clasificador.",https://www.youtube.com/watch?v=GqcD6fIJiFs,https://studio.youtube.com/video/GqcD6fIJiFs/edit
RE-EMPACAR (rescatable),coherente,12427,El Río Misterioso que Corre Bajo las Aguas del Mar #shorts #tiktok,2023-08-22,12.875,"Rio bajo el mar esta bien empacado como misterio y tiene 12.9% de engagement; solo necesita el titulo sin hashtags para que el tema quede limpio.",https://www.youtube.com/watch?v=NnYhGF9MMRU,https://studio.youtube.com/video/NnYhGF9MMRU/edit
RE-EMPACAR (rescatable),coherente,9837,¿Fantasía o Realidad? El Lago que Desaparece sin Dejar Rastro #shorts #tiktok,2023-08-22,12.199,"Lago que desaparece es misterio natural valido, pero el titulo con '#shorts #tiktok' fue lo que disparo el filtro: limpiar hashtags y reforzar el angulo de misterio.",https://www.youtube.com/watch?v=48VPZOMS4ew,https://studio.youtube.com/video/48VPZOMS4ew/edit
RE-EMPACAR (rescatable),coherente,9406,La Muerte No Es El Fin -#shorts #youtube #tiktok #video,2023-07-02,18.074,"'La muerte no es el fin' es paranormal/vida despues de la muerte con 18% de engagement; limpiar hashtags y darle un titulo que explote ese rendimiento.",https://www.youtube.com/watch?v=hCAehIw6ymw,https://studio.youtube.com/video/hCAehIw6ymw/edit
RE-EMPACAR (rescatable),coherente,8631,Vikingos En America - #video #youtube #viral #2023,2023-07-01,10.787,"Vikingos en America es historia alternativa/arqueologia prohibida; el titulo con '#viral #2023' esconde el tema y envejecio mal.",https://www.youtube.com/watch?v=boyZSyJUgGY,https://studio.youtube.com/video/boyZSyJUgGY/edit
RE-EMPACAR (rescatable),coherente,8221,Se casaron entre hermanos. #Shorts,2025-09-09,5.474,"Incesto dinastico (faraones, Habsburgo) es secreto oscuro de la historia y rinde bien (8.2k vistas, 5.5%), pero el titulo no dice de que epoca ni por que es misterio.",https://www.youtube.com/watch?v=66kJdzg_tJw,https://studio.youtube.com/video/66kJdzg_tJw/edit
RE-EMPACAR (rescatable),coherente,5439,Sexto Sentido. La verdadera historia. #shorts,2025-09-09,5.902,"Premoniciones y sexto sentido son paranormal puro, pero el titulo parece resena de la pelicula; renombrar con angulo de misterio real (casos documentados) para que clasifique.",https://www.youtube.com/watch?v=yVhWtCMJKwM,https://studio.youtube.com/video/yVhWtCMJKwM/edit
RE-EMPACAR (rescatable),coherente,4886,La Biblioteca Secreta Del Vaticano - #youtube #tiktok #video #shorts,2023-07-03,17.581,"Biblioteca secreta del Vaticano es nicho puro; el spam de hashtags '#youtube #tiktok' en el titulo causo el falso positivo y merece limpieza.",https://www.youtube.com/watch?v=Rlv_9HfoT5M,https://studio.youtube.com/video/Rlv_9HfoT5M/edit
MANTENER,coherente,13508202,"Conspiraciones: Triángulo de las Bermudas, 7 años perdido y el regreso",2016-12-27,1.051,"Triangulo de las Bermudas es misterio nuclear del nicho y con 13.5M vistas es el video mas grande del lote: activo estrategico, no problema.",https://www.youtube.com/watch?v=bEvMxkpb4Gc,https://studio.youtube.com/video/bEvMxkpb4Gc/edit
MANTENER,coherente,10892395,Gárgolas reales: el único sobreviviente contó lo que vio,2017-05-30,0.946,"Criaturas y paranormal encajan de lleno; con 10.9M vistas es pilar de watch-time del canal, intocable.",https://www.youtube.com/watch?v=wQzkvT8fxmU,https://studio.youtube.com/video/wQzkvT8fxmU/edit
MANTENER,puente_roto,7552139,Encuentran Chamán Convertido en Bestia: ¡Pedía que lo Mataran! 🐺🔮 - El DoQmentalista,2016-12-21,0.424,"Chaman-bestia es del universo tematico pero el engagement 0.424 (el peor del grupo) muestra desconexion total con la audiencia actual; sus 7.5M vistas de watch-time prohiben privarlo.",https://www.youtube.com/watch?v=VxuJZGymTOc,https://studio.youtube.com/video/VxuJZGymTOc/edit
MANTENER,puente_roto,4614609,¡Impactante! Encuentran a una Bruja Real Captada en Vídeo–Revelaciones Sobrenaturales que NO Creerás,2016-04-20,0.563,"Brujeria es ocultismo del nicho, pero el empaque 'captada en video que NO creeras' es fake-footage 2016 y el 0.563 de engagement lo delata; sus 4.6M vistas hacen demasiado caro privarlo.",https://www.youtube.com/watch?v=6c9SLQa21lI,https://studio.youtube.com/video/6c9SLQa21lI/edit
MANTENER,coherente,3663652,"Casas embrujadas reales: si sientes esto al entrar, huye",2016-08-05,0.764,"Casas embrujadas reales es paranormal de manual; 3.6M vistas confirman que el tema sigue siendo motor del canal.",https://www.youtube.com/watch?v=h9BWLLEKVM0,https://studio.youtube.com/video/h9BWLLEKVM0/edit
MANTENER,coherente,3306327,Sirena Varada: La Historia Completa Del Pacto De Los 3 Deseos,2018-05-14,1.028,"Leyenda de sirena y pacto de deseos con 3.3M de vistas, el segundo video mas visto del lote; el ratio bajo es efecto de audiencia fria masiva.",https://www.youtube.com/watch?v=HmZixkFiqB0,https://studio.youtube.com/video/HmZixkFiqB0/edit
MANTENER,coherente,3306172,¡Destapan la Tumba de Cristo por Primera Vez en Siglos! ✝️🕊️ Un Descubrimiento Histórico,2017-04-14,0.635,"Apertura de la tumba de Cristo es Biblia + arqueologia, nucleo del nicho; 3.3M vistas hacen impensable ocultarlo pese al engagement anemico.",https://www.youtube.com/watch?v=wixS89qm1_w,https://studio.youtube.com/video/wixS89qm1_w/edit
MANTENER,coherente,2799310,"🔥 EL RITUAL SECRETO DE LOS MASONES: Sacrificios, Poder y Control Mundial | El Vaticano Tiembla 😱",2017-07-09,1.25,"Masones, rituales y Vaticano es nicho nuclear y es el video mas visto del lote (2.8M); el engagement 1.25% refleja la era 2017, no incoherencia.",https://www.youtube.com/watch?v=7X-aAB4matI,https://studio.youtube.com/video/7X-aAB4matI/edit
MANTENER,puente_roto,2662113,¡Increíble! Sirenas Reales Captadas en Vídeo: ¿Pruebas de Su Existencia?,2016-06-11,0.526,"Sirenas caben en el universo, pero el formato 'captadas en video real' es la era fake-footage que el canal supero y el 0.526 de engagement lo confirma; 2.6M vistas de historial valen mas que la limpieza.",https://www.youtube.com/watch?v=NteeHiYA69A,https://studio.youtube.com/video/NteeHiYA69A/edit
MANTENER,coherente,2552145,Demonios de la Biblia: Lucifer nunca fue el nombre del diablo,2016-11-20,0.901,"Demonologia biblica con dato revisionista (Lucifer no es el nombre del diablo) es exactamente lo que el canal vende hoy; 2.5M vistas.",https://www.youtube.com/watch?v=qrzXNEifE4Q,https://studio.youtube.com/video/qrzXNEifE4Q/edit
MANTENER,puente_roto,2347725,Regalan una Casa Embrujada a Quien Sobreviva una Noche en Ella 👻🏚️ - El DoQmentalista,2017-01-14,0.767,"Tema paranormal valido pero formato noticia-viral de reto que el canal ya abandono; 2.3M vistas de historial justifican no tocarlo.",https://www.youtube.com/watch?v=fClCLpf_xC0,https://studio.youtube.com/video/fClCLpf_xC0/edit
MANTENER,coherente,2172268,El Tesoro que Era del Diablo 👹💰 - Historias de Terror y Leyendas Mexicanas,2017-05-05,0.737,"Leyenda mexicana con el diablo como eje: cruza leyendas y ocultismo, justo el publico latinoamericano objetivo, con 2.1M vistas.",https://www.youtube.com/watch?v=7H2_rqNncc0,https://studio.youtube.com/video/7H2_rqNncc0/edit
MANTENER,coherente,1921163,"La Ira de Dios 🔥: Sodoma y Gomorra, Apocalipsis y Destrucción - El DoQmentalista",2017-03-14,0.989,"Sodoma y Gomorra con apocalipsis es Biblia y profecia pura, tema que el canal sigue explotando hoy; 1.9M vistas.",https://www.youtube.com/watch?v=1Z3f2Y9xkuY,https://studio.youtube.com/video/1Z3f2Y9xkuY/edit
MANTENER,coherente,1718412,El Misterio del Triángulo de las Bermudas: Secretos Ocultos y Videos Misteriosos,2016-06-18,0.815,"Segundo video de las Bermudas, misterio nuclear; junto con el de 13.5M forma un cluster tematico que refuerza la autoridad del canal en el tema.",https://www.youtube.com/watch?v=x57jGY0qY8o,https://studio.youtube.com/video/x57jGY0qY8o/edit
MANTENER,coherente,1690828,Medalla de San Benito: el exorcismo secreto grabado en sus letras,2020-12-21,3.903,"Exorcismo y simbologia catolica con 1.69M de vistas: es uno de los pilares historicos del canal, intocable.",https://www.youtube.com/watch?v=Ebuoxx6TblY,https://studio.youtube.com/video/Ebuoxx6TblY/edit
MANTENER,coherente,1661905,"Hombre Lobo: Si Sus Ojos Brillan en la Oscuridad, Ya Es Demasiado Tarde",2016-07-05,0.842,"Hombre lobo es criptozoologia y leyenda clasica del nicho, tema que el publico de misterio sigue consumiendo; 1.6M vistas.",https://www.youtube.com/watch?v=R79eNciPRSc,https://studio.youtube.com/video/R79eNciPRSc/edit
MANTENER,coherente,1541374,La Hija Secreta de Jesús: el Pueblo de Francia que Aún la Venera,2017-07-03,0.908,"Secretos de la Biblia (linaje de Jesus y Rennes-le-Chateau) es nucleo del nicho actual; el engagement bajo es por antiguedad, no por tema, y 1.5M vistas respaldan.",https://www.youtube.com/watch?v=f18kW5zRPKA,https://studio.youtube.com/video/f18kW5zRPKA/edit
MANTENER,coherente,1522234,Bruja Nahual: el niño que la vio transformada y vivió para contarlo,2017-11-18,0.854,"Bruja nahual es brujeria + leyenda mexicana, doble pilar del nicho, con 1.5M de vistas de historial.",https://www.youtube.com/watch?v=5bIxGzaUc9I,https://studio.youtube.com/video/5bIxGzaUc9I/edit
MANTENER,coherente,1442338,Animales que Anuncian la Muerte: Señales Paranormales y Avisos del Más Allá - Vídeos de Terror en HD,2016-10-14,0.832,"Animales como presagios de muerte es superstision y paranormal del nicho; solo le sobra la coletilla 'Videos de Terror en HD' pero el tema es plenamente vigente.",https://www.youtube.com/watch?v=8ex5eE_hEHY,https://studio.youtube.com/video/8ex5eE_hEHY/edit
MANTENER,coherente,1374925,Teletransportación: el estudio secreto de la Fuerza Aérea de EEUU,2016-07-19,0.8,"Estudio secreto militar de teletransportacion es conspiracion/paranormal del nicho; 1.37M de vistas pesan mas que su engagement de era 2016.",https://www.youtube.com/watch?v=lv0TZy6Z6aM,https://studio.youtube.com/video/lv0TZy6Z6aM/edit
MANTENER,coherente,1280257,El Silbón: mató a su padre y fue condenado a cargar sus huesos,2023-06-27,1.172,"El Silbon es leyenda latinoamericana nuclear con 1.28M de vistas en 2023: el engagement bajo es tipico de alcance masivo por sugeridos, no de incoherencia.",https://www.youtube.com/watch?v=Esa9Nr955OE,https://studio.youtube.com/video/Esa9Nr955OE/edit
MANTENER,coherente,1257711,El Sacerdote Que Vio el Pasado y Murió Sin Revelar el Secreto,2017-09-01,2.385,"El cronovisor del padre Ernetti es misterio Vaticano clasico con 1.25M de vistas; el filtro fallo por 'sacerdote'.",https://www.youtube.com/watch?v=zV9vSPkYbes,https://studio.youtube.com/video/zV9vSPkYbes/edit
MANTENER,coherente,1210007,El Experimento Secreto para Hablar con Dios: Terminó en Horror,2018-03-13,2.231,"Experimento para hablar con Dios que termina en horror combina ciencia prohibida y lo divino; 1.2M de vistas de historial valioso.",https://www.youtube.com/watch?v=iKFy-iQHoM8,https://studio.youtube.com/video/iKFy-iQHoM8/edit
MANTENER,puente_roto,1135365,NASA Envía un Mensaje del Futuro: El Fin del Mundo en 2057 - Documental Impactante,2016-09-07,1.145,"Profecia de fin del mundo encaja en el universo, pero el gancho 'NASA envia mensaje del futuro' es clickbait fake-news de otra era; 1.1M vistas y buen ratio aguantan dejarlo como esta.",https://www.youtube.com/watch?v=OoTGrsSbpBw,https://studio.youtube.com/video/OoTGrsSbpBw/edit
MANTENER,puente_roto,1116085,Encuentran Pueblo Perdido: Desaparecieron Hace 400 Años 👻🌑 - Terror Sobrenatural,2017-01-06,0.573,"Pueblo desaparecido es misterio del nicho, pero engagement de 0.573 (12% de la mediana) delata que ya no conecta; su 1.1M de vistas aun paga dejarlo.",https://www.youtube.com/watch?v=_Tikbopv6zw,https://studio.youtube.com/video/_Tikbopv6zw/edit
MANTENER,coherente,1111805,Nostradamus Predijo Una Enfermedad Mortal En Europa y Nadie Escuchó,2017-12-28,0.836,"Nostradamus y profecias es pilar explicito del nicho; 1.1M de vistas, el filtro solo detecto el ratio de likes de la era pre-pandemia.",https://www.youtube.com/watch?v=VGL5Xu_DF0U,https://studio.youtube.com/video/VGL5Xu_DF0U/edit
MANTENER,coherente,993986,Paso Dyatlov: el expediente que la URSS mantuvo en secreto por décadas,2017-08-24,1.71,"El Paso Dyatlov es uno de los misterios sin resolver mas buscados en español; 994k vistas de watch-time historico.",https://www.youtube.com/watch?v=JDVQOZ9gL_8,https://studio.youtube.com/video/JDVQOZ9gL_8/edit
MANTENER,coherente,916442,Laboratorio Secreto en Rusia: La Carta que Reveló el Proyecto Hombre Ángel,2018-04-10,2.073,Experimento secreto sovietico para crear un 'hombre angel' es conspiracion + angeles con 916k vistas: falso positivo claro.,https://www.youtube.com/watch?v=gOE-JV2TwkY,https://studio.youtube.com/video/gOE-JV2TwkY/edit
MANTENER,coherente,617503,REVELADO: Hallazgo Oculto en la Tumba de Adán. El Vaticano Teme este Secreto,2025-01-18,3.239,"Vaticano + arqueologia prohibida + tumba biblica es el ADN exacto del canal y con 617k vistas es un pilar de watch-time; falso positivo claro.",https://www.youtube.com/watch?v=SDjBaZwEWXs,https://studio.youtube.com/video/SDjBaZwEWXs/edit
MANTENER,coherente,597052,La Leyenda de El Alacrán de Durango: Veneno Mortal Que Desafía la Muerte,2016-04-21,0.871,"El Alacran de Durango es leyenda mexicana autentica, justo el folclor latinoamericano que define al canal.",https://www.youtube.com/watch?v=wpkGmMehxnc,https://studio.youtube.com/video/wpkGmMehxnc/edit
MANTENER,coherente,582880,La Puerta del Infierno: El Misterio Ardiente del Cráter de Darvaza en el Desierto de Turkmenistán,2016-08-03,0.858,"El crater de Darvaza como 'Puerta del Infierno' mezcla lugar real y mito infernal: misterio documentado, exactamente el tono actual del canal.",https://www.youtube.com/watch?v=Ww3Ac6wlbaI,https://studio.youtube.com/video/Ww3Ac6wlbaI/edit
MANTENER,coherente,537734,Jesús fue un Extraterrestre 👽✨: El Secreto que el Vaticano Oculta,2017-01-31,1.339,"Jesus extraterrestre + secreto del Vaticano cruza tres pilares del nicho a la vez; 537k vistas, falso positivo evidente.",https://www.youtube.com/watch?v=313LblugbfM,https://studio.youtube.com/video/313LblugbfM/edit
MANTENER,coherente,325870,El Barco que Viajó en el Tiempo ⏳: El Experimento Philadelphia - Documental - El DoQmentalista,2017-03-13,1.197,"El Experimento Philadelphia es conspiracion y misterio clasico del nicho; su engagement (1.197) es de los mejores del grupo, el filtro exagero.",https://www.youtube.com/watch?v=EkBOl0RZKpc,https://studio.youtube.com/video/EkBOl0RZKpc/edit
MANTENER,coherente,319367,Enigma en la Historia: Cristóbal Colón y el Oscuro Secreto Revelado,2016-07-02,1.534,"Enigma historico sobre Colon (identidad oculta) cabe en misterios de la historia; 319k vistas de la era fundacional del canal.",https://www.youtube.com/watch?v=TYObGmauzj0,https://studio.youtube.com/video/TYObGmauzj0/edit
MANTENER,coherente,296176,Los Misterios de las Líneas de Nazca 🛸✨ ¡Resuelto!,2017-05-24,0.979,"Lineas de Nazca es arqueologia prohibida + extraterrestres, tema evergreen del nicho; falso positivo puro del filtro.",https://www.youtube.com/watch?v=fMai_13HvQ4,https://studio.youtube.com/video/fMai_13HvQ4/edit
MANTENER,coherente,271937,😱 METATRÓN EXISTE: PRUEBAS del NOMBRE SECRETO que NADIE DEBE DECIR,2025-03-24,4.413,"Metatron es angelologia pura, pilar 'angeles y demonios'; con 272k vistas es de lo mas fuerte del catalogo.",https://www.youtube.com/watch?v=-DQuvaK41XI,https://studio.youtube.com/video/-DQuvaK41XI/edit
MANTENER,coherente,258223,Documental: EL SECRETO ATERRADOR DE JESÚS - Documentales interesantes,2022-04-12,4.647,"Secretos ocultos de Jesus es el corazon del pilar Biblia/Vaticano; 258k vistas y engagement casi en mediana.",https://www.youtube.com/watch?v=PqSexmEEpY4,https://studio.youtube.com/video/PqSexmEEpY4/edit
MANTENER,coherente,198202,El Secreto De Los 72 Nombres De Dios - Documentales en Español,2022-10-26,6.559,"Los 72 nombres de Dios es cabala y secretos biblicos, con 6.5% de engagement por encima de la mediana.",https://www.youtube.com/watch?v=LhbuRBs9ihk,https://studio.youtube.com/video/LhbuRBs9ihk/edit
MANTENER,coherente,190411,Documental: El Manual Secreto de la CIA sobre Zombis Revelado,2024-11-07,5.777,"Documento clasificado de la CIA sobre zombis es conspiracion/paranormal documentado, formato insignia del canal con 190k vistas.",https://www.youtube.com/watch?v=qUL5nEuhIrU,https://studio.youtube.com/video/qUL5nEuhIrU/edit
MANTENER,coherente,187695,Documental: El Secreto Prohibido de María que la Iglesia Ocultó,2024-11-08,4.902,"Secreto de Maria ocultado por la Iglesia es secretos de la Biblia puro con 187k vistas; solo el engagement roza la mediana, no amerita tocarlo.",https://www.youtube.com/watch?v=3mN9_ww57Js,https://studio.youtube.com/video/3mN9_ww57Js/edit
MANTENER,coherente,165369,El Hombre con Cabeza de León y Cuerpo Humano: La Criatura Mítica Que Desafía la Realidad,2016-04-25,1.149,"Criatura mitica hibrida entra en leyendas y criptozoologia; engagement 1.149 decente para su era, sin motivo real para tocarlo.",https://www.youtube.com/watch?v=ZerJ9sejflo,https://studio.youtube.com/video/ZerJ9sejflo/edit
MANTENER,coherente,164281,"⚠️Jesús y su pacto secreto con los animales: Lo que la Iglesia jamás te contará, evangelios ocultos​",2025-03-28,4.383,"Evangelios ocultos y lo que la Iglesia no cuenta: secretos biblicos nucleares con 164k vistas; 'animales' confundio al filtro.",https://www.youtube.com/watch?v=jFGEAbTdnw4,https://studio.youtube.com/video/jFGEAbTdnw4/edit
MANTENER,coherente,152153,El exorcismo secreto del Papa León,2025-05-08,6.572,"Exorcismo papal: Vaticano mas demonios, 152k vistas; falso positivo claro del filtro.",https://www.youtube.com/watch?v=GE9CSGfkK0Y,https://studio.youtube.com/video/GE9CSGfkK0Y/edit
MANTENER,coherente,146742,Casa Embrujada: El Oscuro Secreto Oculto en la Pared - Historia Real de Terror,2016-07-16,1.431,"Casa embrujada e historia real paranormal es pilar del canal, no de AterradorMente (que es terror ficcional); el filtro fallo por 'terror'.",https://www.youtube.com/watch?v=y5ju1BYJdpI,https://studio.youtube.com/video/y5ju1BYJdpI/edit
MANTENER,coherente,144030,El Grimorio Secreto la historia de Abraham y el Santo Ángel de la Guarda - Documentales en Español,2022-12-05,5.416,"Grimorio de Abraham el Mago y el Santo Angel de la Guarda es ocultismo + angeologia, nucleo exacto del nicho.",https://www.youtube.com/watch?v=lnpV0JWVi-g,https://studio.youtube.com/video/lnpV0JWVi-g/edit
MANTENER,coherente,141969,"La Tableta Esmeralda, contiene El SECRETO DEL UNIVERSO ✅ El DoQmentalista",2021-11-06,4.79,"La Tabla Esmeralda de Hermes Trismegisto es ocultismo clasico; el filtro tropezo con 'universo' pero el tema es nicho puro.",https://www.youtube.com/watch?v=y0tUOyTvRz0,https://studio.youtube.com/video/y0tUOyTvRz0/edit
MANTENER,puente_roto,118923,Top 10 Países Extraños Que No Sabías Que Existen 🌍✨ - El DoQmentalista,2016-12-07,1.766,"Formato top-10 de curiosidades de 2016 que ya no representa al canal, pero sus 118k vistas de watch-time valen mas que el ruido que causa.",https://www.youtube.com/watch?v=JBTpQH-HGEI,https://studio.youtube.com/video/JBTpQH-HGEI/edit
MANTENER,coherente,114000,LOS 4 MUNDOS ESPIRITUALES: El SECRETO del PROCESO Para Llegar a DIOS,2025-02-14,5.351,"Cosmologia espiritual esoterica (los 4 mundos, cabala) es nucleo del nicho; el filtro tropezo con la palabra DIOS pero no es contenido devocional de Soy De Dios.",https://www.youtube.com/watch?v=mFgQLugLVVM,https://studio.youtube.com/video/mFgQLugLVVM/edit
MANTENER,coherente,109753,Los Cuernos del Diablo: ¡El Oscuro Secreto!,2023-02-03,5.011,"Demonologia pura (simbolo de los cuernos del diablo) con engagement sobre la mediana; falso positivo por la palabra 'cuernos'.",https://www.youtube.com/watch?v=24geeg5Ob6w,https://studio.youtube.com/video/24geeg5Ob6w/edit
MANTENER,coherente,96821,El próximo Papa de la Iglesia. Las Brujas y la inteligencia artificial lo predicen,2025-01-06,6.507,"Profecia sobre el proximo Papa con brujas e IA cruza Vaticano, profecias y ocultismo: triple ancla del nicho con buen engagement (6.5%).",https://www.youtube.com/watch?v=gQf5SMrvrxI,https://studio.youtube.com/video/gQf5SMrvrxI/edit
MANTENER,coherente,94944,Ciudad Perdida Sumergida: El Misterio Oculto en el Fondo del Mar Que No Debía Ser Descubierto,2016-07-19,0.957,"Ciudad sumergida prohibida es arqueologia misteriosa del nicho; con solo 94k vistas no estorba y privarlo no aporta nada.",https://www.youtube.com/watch?v=dlTCTFG3dKc,https://studio.youtube.com/video/dlTCTFG3dKc/edit
MANTENER,coherente,88853,Historia de La IA:  Descifra Tablillas Sumerias y Revela Secretos Imposibles,2025-07-19,9.229,"IA descifrando tablillas sumerias es arqueologia prohibida moderna; 88k vistas y 9.2% de engagement lo prueban, el filtro tropezo con 'IA'.",https://www.youtube.com/watch?v=ogEUnVLCT9I,https://studio.youtube.com/video/ogEUnVLCT9I/edit
MANTENER,coherente,87444,Documentales: El francotirador del Servicio Secreto y la maldición que salvó a Trump,2024-07-20,5.261,"El angulo es 'la maldicion que salvo a Trump', o sea actualidad procesada como misterio/maldicion, formato valido del canal con 87k vistas.",https://www.youtube.com/watch?v=fy1NHdyopFU,https://studio.youtube.com/video/fy1NHdyopFU/edit
MANTENER,coherente,83486,VIRAL: Método Secreto para Orar y Obtener Milagros - El DoQmentalista,2025-04-25,7.786,"El marco 'metodo secreto y milagros' lo ancla en misterio espiritual, no en devocional puro; 83k vistas y 7.8% de engagement en este canal.",https://www.youtube.com/watch?v=iWs9BjP1rXE,https://studio.youtube.com/video/iWs9BjP1rXE/edit
MANTENER,coherente,81157,¿De Dios o del Diablo? SECRETO MASÓNICO: Ciencia Prohibida de la Inmortalidad,2025-07-18,6.161,"Secreto masonico e inmortalidad prohibida: ocultismo documentado, 81k vistas; falso positivo por 'ciencia'.",https://www.youtube.com/watch?v=b_967oGmWw4,https://studio.youtube.com/video/b_967oGmWw4/edit
MANTENER,coherente,81137,Cocina de Brujas: Alimentos Hechizados,2024-09-16,5.3,"Brujeria y hechizos en la comida es ocultismo del nicho; 'cocina' engano al filtro pero 81k vistas confirman que la audiencia lo leyo bien.",https://www.youtube.com/watch?v=XKK2wg1SfVA,https://studio.youtube.com/video/XKK2wg1SfVA/edit
MANTENER,coherente,78962,"Documental: Finanzas del Diablo - Tesla, Bitcoin y la Advertencia Papal",2024-11-14,6.965,"El titulo suena a finanzas pero el marco es 'el Diablo y la advertencia papal': tema tech empacado en misterio, y con 7% de engagement funciono.",https://www.youtube.com/watch?v=WgbZhvhc-YI,https://studio.youtube.com/video/WgbZhvhc-YI/edit
MANTENER,coherente,72767,Cómo Sería El Rostro De Jesús Según La INTELIGENCIA ARTIFICIAL,2020-08-31,6.047,"El rostro de Jesus via IA es misterio biblico con gancho tecnologico y 6% de engagement; la IA es vehiculo, no tema.",https://www.youtube.com/watch?v=SmP0bwZUg_w,https://studio.youtube.com/video/SmP0bwZUg_w/edit
MANTENER,coherente,61797,"¡Conspiración!: la visión de Donald Trump,  el mormón secreto de la iglesia. ¿Apocalipsis en 2025?",2025-04-25,7.444,"Profecia apocaliptica con angulo conspirativo (pilar 'profecias' del nicho); el nombre 'Trump' engano al filtro.",https://www.youtube.com/watch?v=LA7T8vcfuEg,https://studio.youtube.com/video/LA7T8vcfuEg/edit
MANTENER,coherente,57719,"EL VIENTO DE LAS HADAS, secreto de las hadas, la rosa de los vientos",2020-03-12,5.891,"Folclore feerico y leyendas entra en el pilar de leyendas del canal, con engagement 5.9% sobre la mediana.",https://www.youtube.com/watch?v=ffEE99y55zM,https://studio.youtube.com/video/ffEE99y55zM/edit
MANTENER,coherente,49672,El Secreto Impactante de las Lágrimas de Jesús - El DoQmentalista,2023-11-13,6.845,Las lagrimas de Jesus como secreto impactante es secretos de la Biblia con 49k vistas y engagement por encima de la mediana.,https://www.youtube.com/watch?v=HQtr1fTMEcU,https://studio.youtube.com/video/HQtr1fTMEcU/edit
MANTENER,coherente,44774,A DÓNDE VAMOS cuando MORIMOS: El SECRETO PROHIBIDO que TODAS las CULTURAS COMPARTEN,2025-03-02,6.924,"El destino tras la muerte en todas las culturas es misterio comparado clasico del canal, con 44k vistas y engagement sano.",https://www.youtube.com/watch?v=68No33zE2Qg,https://studio.youtube.com/video/68No33zE2Qg/edit
MANTENER,coherente,38595,Demonología: Poseído Cada Noche - Ritual Secreto de Liberación,2024-12-06,6.478,"Demonologia y rituales de liberacion son categoria central de angeles/demonios; falso positivo del filtro.",https://www.youtube.com/watch?v=K2t-wW_ZT04,https://studio.youtube.com/video/K2t-wW_ZT04/edit
MANTENER,coherente,37570,Conspiración de la IA Maldita y el Nuevo Culto: ¿Dominación o Salvación? - Documentales en Español,2023-08-07,6.388,"IA maldita + nuevo culto es conspiracion tecnologica con marco ocultista, exactamente como el canal procesa temas modernos.",https://www.youtube.com/watch?v=o-_R2yul9AQ,https://studio.youtube.com/video/o-_R2yul9AQ/edit
MANTENER,coherente,36472,El Secreto de la Inmortalidad que los Billonarios No Quieren que Sepas,2025-09-15,7.129,"Ciencia prohibida de la inmortalidad con angulo conspirativo, misma veta que el documental masonico de julio; 'billonarios' engano al filtro.",https://www.youtube.com/watch?v=QahQjcV7SzA,https://studio.youtube.com/video/QahQjcV7SzA/edit
MANTENER,coherente,35832,AUDIOLIBRO - Textos Apócrifos: Evangelio Secreto De Felipe,2025-07-12,5.303,"Evangelio apocrifo de Felipe es secreto biblico nuclear; el filtro tropezo con 'AUDIOLIBRO', formato que ademas retiene 35k vistas.",https://www.youtube.com/watch?v=4t2keHt_pA0,https://studio.youtube.com/video/4t2keHt_pA0/edit
MANTENER,coherente,34329,El lado oscuro de la inteligencia artificial en Bestias Míticas - Documentales en Español,2023-04-19,5.826,"Lado oscuro de la IA aplicado a bestias miticas mezcla leyendas con tech-misterio, misma formula que la IA Maldita que ya funciona en el canal.",https://www.youtube.com/watch?v=rXWiAfZodAw,https://studio.youtube.com/video/rXWiAfZodAw/edit
MANTENER,coherente,33639,Paranormal: El impactante secreto de Nostradamus sobre el fin del mundo cercano,2024-09-12,6.54,"Nostradamus y fin del mundo es profecias, categoria fundadora del nicho, con engagement sano de 6.5%.",https://www.youtube.com/watch?v=KisIYri2y-Q,https://studio.youtube.com/video/KisIYri2y-Q/edit
MANTENER,coherente,29436,¡REVELADO! PERROS CON ALMAS HUMANAS: SECRETO PARANORMAL QUE NADIE SE ATREVÍA A CONTAR | De Terror,2025-03-20,6.455,Almas humanas en animales presentado como secreto paranormal: encaja en el pilar paranormal aunque el titulo hiciera dudar al filtro.,https://www.youtube.com/watch?v=ZRkvdQLnEF8,https://studio.youtube.com/video/ZRkvdQLnEF8/edit
MANTENER,coherente,23598,El secreto del Vaticano: Judas es un cazamonstruos y el Papa lo odia #shorts #vaticano #sabiasque,2025-09-02,3.572,"Lore de Judas cazamonstruos es misterio vaticano en tono viral; 23k vistas en un short justifican dejarlo aunque el engagement sea flojo.",https://www.youtube.com/watch?v=wydfWrBkCns,https://studio.youtube.com/video/wydfWrBkCns/edit
MANTENER,coherente,20653,Navy Seals Enfrentan a Criatura Misteriosa 👹: El Secreto Mejor Guardado - El DoQmentalista,2024-04-30,7.263,"Navy Seals contra criatura misteriosa es criptozoologia/paranormal militar, tema clasico del nicho; el emoji y 'Navy Seals' enganaron al filtro.",https://www.youtube.com/watch?v=tePQ4E7woAw,https://studio.youtube.com/video/tePQ4E7woAw/edit
MANTENER,puente_roto,17421,Entrevista - Blanca Mercado REVELA el SECRETO de la BioEnergía - Documentales en Español,2023-09-15,7.462,"La bioenergia es del universo esoterico pero el formato entrevista de 57 minutos es de una era que el canal abandono; sus 17k vistas y horas de watch-time justifican conservarlo sin promoverlo.",https://www.youtube.com/watch?v=XW_wgl-qUZI,https://studio.youtube.com/video/XW_wgl-qUZI/edit
MANTENER,coherente,17320,Los Gatos Negros Pueden Percibir Espiritus #terrorymisterio #gatos,2024-03-19,12.702,"Gatos negros que perciben espiritus es leyenda paranormal de manual; el filtro tropezo con los hashtags, no con el tema.",https://www.youtube.com/watch?v=juFwReU1o8Y,https://studio.youtube.com/video/juFwReU1o8Y/edit
MANTENER,coherente,16255,"""El Oscuro Secreto Detrás De Los Verdaderos Zoológicos Humanos: La Historia Prohibida""",2024-04-30,8.613,"Zoologicos humanos es 'historia prohibida' oscura y documentada, vecina directa de la arqueologia prohibida del nicho, con 8.6% de engagement.",https://www.youtube.com/watch?v=oPDvpnpT2gA,https://studio.youtube.com/video/oPDvpnpT2gA/edit
MANTENER,coherente,12806,Documentales: El canto secreto que conecta con los ángeles y el poder de Dios,2024-09-02,11.713,Canto secreto que conecta con angeles esta empacado como misterio espiritual (no como track musical) y su 11.7% de engagement duplica la mediana.,https://www.youtube.com/watch?v=jsSyuo5fbc4,https://studio.youtube.com/video/jsSyuo5fbc4/edit
MANTENER,coherente,12630,El Culto Secreto a San Cipriano: Magia y Poder Espiritual,2024-02-23,7.918,"San Cipriano es la figura puente entre santoral y magia, ocultismo latinoamericano puro; falso positivo evidente.",https://www.youtube.com/watch?v=xVKOjmveZRA,https://studio.youtube.com/video/xVKOjmveZRA/edit
MANTENER,coherente,11849,El Mago que Quiso Comprar el Poder de Dios,2025-08-17,3.95,"Es Simon el Mago (Hechos 8), secreto biblico clasico del canal; 11k vistas confirman que conecta.",https://www.youtube.com/watch?v=i-y3VY4Q4GE,https://studio.youtube.com/video/i-y3VY4Q4GE/edit
MANTENER,coherente,9998,Los Secretos Ocultos de Nezahualcóyotl que la Historia Calla #shorts #mexico #documental,2025-09-06,8.352,"Historia oculta prehispanica con 'secretos que la historia calla': nicho exacto y el mejor del lote (10k vistas, 8.4% engagement); falso positivo claro del filtro.",https://www.youtube.com/watch?v=DR_4_-3TwGE,https://studio.youtube.com/video/DR_4_-3TwGE/edit
MANTENER,coherente,9970,La Brujería: ¿Pecado de Rebelión contra Dios?,2025-08-17,7.763,Brujeria analizada desde la Biblia: interseccion exacta de ocultismo y escritura que define al canal.,https://www.youtube.com/watch?v=9fzpwH8jtLw,https://studio.youtube.com/video/9fzpwH8jtLw/edit
MANTENER,puente_roto,8257,Descubre Que Tan Grande Era El Orgullo De Julio César,2024-05-08,11.493,"Historia romana sin angulo de misterio (era curiosidades), pero es un short con 11.5% de engagement que no estorba.",https://www.youtube.com/watch?v=KUGx5D9Ev5c,https://studio.youtube.com/video/KUGx5D9Ev5c/edit
MANTENER,coherente,6597,La Caja Musical Asesina: ¡Su Melodía te Obliga a Matar! #shorts #fbi #misterios,2025-09-03,6.624,"Objeto maldito que induce a matar es leyenda paranormal pura con 6.6k vistas y 6.6% de engagement; el filtro no leyo el contenido.",https://www.youtube.com/watch?v=qFWBj9IkCkQ,https://studio.youtube.com/video/qFWBj9IkCkQ/edit
MANTENER,coherente,6488,El Espejo que Atrapa Almas: ¡Voces Claman Libertad! #shorts #fbi #misterios,2025-09-03,5.842,"Espejo embrujado que atrapa almas es objeto maldito clasico del nicho paranormal; 6.5k vistas con engagement sobre la mediana.",https://www.youtube.com/watch?v=LqvmzQcFhY4,https://studio.youtube.com/video/LqvmzQcFhY4/edit
MANTENER,coherente,6185,El pájaro gigante secreto del Vaticano fue clasificado por el Ziz #eldoqmentalista #misterio,2025-07-27,4.624,El Ziz es criptido de la mitologia hebrea ligado al Vaticano en el guion: mitologia biblica dentro del nicho.,https://www.youtube.com/watch?v=zcRJyu4rJXQ,https://studio.youtube.com/video/zcRJyu4rJXQ/edit
MANTENER,coherente,6152,"Paciente en coma: ""Ella me quiere llevar"" ¡Murió!",2025-08-31,6.226,"Experiencia cercana a la muerte con presencia espectral: paranormal puro, el filtro fallo porque el titulo no usa palabras clave del nicho.",https://www.youtube.com/watch?v=Cnqig0IigZU,https://studio.youtube.com/video/Cnqig0IigZU/edit
MANTENER,coherente,5784,El Búnker Secreto del FBI: ¡Artefactos Malditos! #shorts #fbi #misterios,2025-09-03,6.466,"Bunker gubernamental con artefactos malditos mezcla conspiracion y paranormal, dos pilares del nicho; nada que corregir.",https://www.youtube.com/watch?v=Yo-EvZAymMQ,https://studio.youtube.com/video/Yo-EvZAymMQ/edit
MANTENER,coherente,5771,"Doctor, no me deje ir solo: ¡Lo que vio fue aterrador!",2025-08-31,5.198,"Relato de visiones en el umbral de la muerte, mismo sub-genero paranormal que el canal explota en shorts.",https://www.youtube.com/watch?v=qhsnjta5SOI,https://studio.youtube.com/video/qhsnjta5SOI/edit
MANTENER,coherente,5245,Misterioso explorador confirma conexión entre Palestina y monasterios tibetanos,2024-01-14,10.334,La conexion Palestina-Tibet es la leyenda de los anos perdidos de Jesus (Notovitch): misterio biblico legitimo.,https://www.youtube.com/watch?v=vzf_V1uI6Qo,https://studio.youtube.com/video/vzf_V1uI6Qo/edit
MANTENER,coherente,4591,¿Poder Sobrenatural? ¡Busca Solo a Dios!,2025-08-17,10.172,"Parte de la serie de agosto sobre poder sobrenatural y brujeria vs Dios; el marco es ocultismo biblico, no sermon.",https://www.youtube.com/watch?v=0hbCByZTrA0,https://studio.youtube.com/video/0hbCByZTrA0/edit
MANTENER,coherente,4438,¡Portal secreto en el Vaticano! El Papa convoca a un Arcángel! #shorts #vaticano #sabiasque,2025-09-02,5.836,"Vaticano mas arcangeles combina dos pilares del nicho; falso positivo evidente del filtro.",https://www.youtube.com/watch?v=k_HG6XK_wtE,https://studio.youtube.com/video/k_HG6XK_wtE/edit
MANTENER,coherente,4401,El Diario de Sangre: ¿Tinta de Humana y 500 Años Fresca? #shorts #fbi #misterios,2025-09-03,6.249,"Reliquia maldita con sangre humana inexplicable: paranormal documentado de manual, el filtro fallo pese al hashtag #misterios.",https://www.youtube.com/watch?v=bbwxUUGZjYo,https://studio.youtube.com/video/bbwxUUGZjYo/edit
MANTENER,coherente,4275,El Judío Errante: Inmortalidad como Maldición #shorts #enigma #documental,2025-09-02,6.246,"El Judio Errante es leyenda maldita clasica del misterio biblico, el mejor de su serie (4.3k vistas, 6.2%); falso positivo evidente.",https://www.youtube.com/watch?v=JVeavhpARYU,https://studio.youtube.com/video/JVeavhpARYU/edit
MANTENER,coherente,3557,Inmortalidad: ¿Sueño o Pesadilla Eterna? #shorts #enigma #documental,2025-09-02,5.932,"La inmortalidad como enigma existencial encaja en la linea de misterios biblicos del canal; engagement sano.",https://www.youtube.com/watch?v=2UjB5N_EGdw,https://studio.youtube.com/video/2UjB5N_EGdw/edit
MANTENER,coherente,2978,EL LEGADO SECRETO DE LOS BRUJOS MAYAS: Verdades Reveladas - Serie de Misterio,2023-12-17,10.846,"Brujos mayas es ocultismo + leyendas ancestrales del publico latino; short de bajo alcance pero tematicamente impecable.",https://www.youtube.com/watch?v=Q9DRHmh-oRk,https://studio.youtube.com/video/Q9DRHmh-oRk/edit
MANTENER,coherente,2525,Descubre el SECRETO detrás de la Leyenda de los Nahuales en México,2025-08-17,6.931,"Los nahuales son leyenda mexicana clasica, categoria explicita del nicho y cercana al publico latinoamericano.",https://www.youtube.com/watch?v=xSfEiQnKgBk,https://studio.youtube.com/video/xSfEiQnKgBk/edit
MANTENER,coherente,2204,Doctor Muere Mirando el Espejo: ¡Su Voz AÚN Advierte! #shorts #fbi #misterios,2025-09-03,6.851,"Muerte inexplicable ligada a un espejo maldito: paranormal nuclear del canal, falso positivo del clasificador.",https://www.youtube.com/watch?v=WXZemnp1fQc,https://studio.youtube.com/video/WXZemnp1fQc/edit
MANTENER,coherente,1554,¿Humanidad creada de SANGRE y BARRO? ¡Descubre el Dios olvidado!,2025-08-31,7.593,"Mitologia mesopotamica de la creacion (dios olvidado, sangre y barro): arqueologia prohibida y dioses antiguos, nucleo del nicho.",https://www.youtube.com/watch?v=Yrg4VvAjiiA,https://studio.youtube.com/video/Yrg4VvAjiiA/edit
MANTENER,coherente,1371,La Marca de Caín: ¿Inmortalidad o Condena? #shorts #enigma #documental,2025-09-02,7.877,"La Marca de Cain planteada como dilema inmortalidad-condena es secreto biblico del nicho, con 7.9% de engagement que lo confirma.",https://www.youtube.com/watch?v=X9QTEC_qUSk,https://studio.youtube.com/video/X9QTEC_qUSk/edit
MANTENER,coherente,1147,¿Cómo Evitar la Inmortalidad Indeseada? #shorts #enigma #documental,2025-09-02,5.58,"La inmortalidad indeseada como paradoja biblica mantiene el tono de enigma; es del nicho aunque su alcance fue bajo.",https://www.youtube.com/watch?v=7lATuPzj3ic,https://studio.youtube.com/video/7lATuPzj3ic/edit
MANTENER,coherente,673,La Sal: El Pilar Secreto de la Alquimia #shorts #secretos #sal,2025-09-02,5.646,"La sal en la alquimia es ocultismo historico documentable, dentro del nicho aunque el resto de su serie sea esoterismo practico.",https://www.youtube.com/watch?v=zLxjz5srW84,https://studio.youtube.com/video/zLxjz5srW84/edit
MANTENER,coherente,600,El mueble secreto del Papa: ¡Así se accede a las catacumbas! #shorts #vaticano #sabiasque,2025-09-02,3.667,"Secretos y catacumbas del Vaticano: nicho exacto, el filtro tropezo con 'mueble'; 600 vistas pero inofensivo.",https://www.youtube.com/watch?v=WZk1AnCoD44,https://studio.youtube.com/video/WZk1AnCoD44/edit
MANTENER,coherente,510,Elías y el Carro de Fuego: ¿Venció la Muerte? #shorts #enigma #documental,2025-09-02,5.686,"Elias arrebatado en carro de fuego es enigma biblico favorito del publico de misterio (y del angulo paleocontacto); pertenece aqui.",https://www.youtube.com/watch?v=v1qYWr2ZObY,https://studio.youtube.com/video/v1qYWr2ZObY/edit
MANTENER,coherente,476,4 Maneras de Vencer a la Muerte: ¿Bendición? #shorts #enigma #documental,2025-09-02,7.143,"Listado de casos biblicos que vencieron la muerte con framing de enigma; es del nicho aunque el alcance fue minimo.",https://www.youtube.com/watch?v=VlRbzpD8Yn8,https://studio.youtube.com/video/VlRbzpD8Yn8/edit
MANTENER,coherente,341,Sal Negra: El Secreto Más Oscuro de la Brujería #shorts #secretos #sal,2025-09-02,7.918,"La sal negra en la brujeria tratada como secreto oscuro es ocultismo documental del nicho, y su 7.9% de engagement respalda dejarlo.",https://www.youtube.com/watch?v=_yPhnqTk9LA,https://studio.youtube.com/video/_yPhnqTk9LA/edit
MANTENER,coherente,0,Los Hermanos y Hermanas de JESÚS y el secreto de la Virgen María que el VATICANO CONFIESA en el 2026,2026-08-27,,"Vaticano mas secretos de la Virgen Maria es el nucleo del nicho; el filtro lo marco solo por estar recien publicado con 0 vistas.",https://www.youtube.com/watch?v=gCMYKPm_hfA,https://studio.youtube.com/video/gCMYKPm_hfA/edit
