ID,VISTAS,TITULO ACTUAL,NUEVO TITULO,ALTERNATIVA 2,ALTERNATIVA 3,NUEVA DESCRIPCION,KEYWORDS
wQzkvT8fxmU,10892395,Paranormal: Gárgolas vivientes encontradas en una cueva desconocida,Gárgolas reales: el único sobreviviente contó lo que vio,"Si ves este letrero en una cueva, huye: la muerte está detrás",Entraron a una cueva prohibida en Inglaterra y solo uno volvió,"Gárgolas reales en una cueva de Inglaterra: esta es la historia del único sobreviviente que salió con vida del lugar que hoy llaman el nido de las gárgolas.

Cuatro amigos expertos en espeleología, encabezados por William Jones y Oliver Taylor, viajaron a la zona montañosa de los Peninos, al norte de Inglaterra, buscando unas cuevas poco exploradas de las que se contaban historias extrañas: se decía que estaban habitadas por animales desconocidos, como si fueran un lugar detenido en el tiempo. Un guía local los llevó hasta el sendero, pero a partir de ahí entraron solos. En una recámara profunda encontraron una manta vieja y un letrero escrito en rojo con una advertencia clara: no pasar, la muerte está detrás de estas rocas. Decidieron ignorarla.

Lo que siguió es uno de los casos paranormales más perturbadores que hemos documentado en el canal. Al volver por sus compañeros rezagados, William y Oliver encontraron la recámara cubierta de sangre, y en las cámaras de los equipos quedó grabado algo imposible: criaturas aladas, con garras, que se camuflaban contra las paredes de roca como gárgolas vivientes. En la huida hacia la superficie, Oliver fue alcanzado. William Jones apareció días después en un pueblo cercano, ensangrentado, con los tendones de los pies dañados y las uñas desgastadas de tanto arrastrarse. Las autoridades nunca recuperaron las cámaras, y él jura que volverá por la evidencia.

En este documental de misterio en español analizamos el relato completo: la red de túneles subterráneos, el pozo sin fondo, el río que desemboca en el lago del pueblo y la gran pregunta de la criptozoología: ¿existen todavía criaturas desconocidas bajo tierra? Como siempre, la historia se presenta como verídica, pero la decisión final de creer o no es tuya.

Suscríbete a El DoQmentalista para más historias de misterio, leyendas y casos sin explicación cada semana.

#Gargolas #Paranormal #Misterio","el doqmentalista, documentales de misterio en español, gárgolas reales, nido de las gárgolas, cuevas de los peninos, cuevas de inglaterra, william jones espeleólogo, criaturas en cuevas, criaturas desconocidas, espeleología terror, seres alados con garras, historias de terror reales, casos paranormales, misterios sin resolver, leyendas urbanas, criptozoología, relatos de miedo en español, videos de misterio"
fGW8YTv6MCk,5678869,"Los Ángeles Caídos, Todavía Están Vivos y están en la Antártida",Ángeles Caídos: Siguen Vivos y Estarían Presos en la Antártida,Ángeles Caídos: El Libro Prohibido de Enoc Revela Dónde Cayeron,Ángeles Caídos: La Historia Completa de la Rebelión de Lucifer,"Los ángeles caídos no serían solo una leyenda del pasado: según un análisis del libro de Enoc, seguirían vivos y estarían encerrados en un rincón helado de la Tierra. En este documental reconstruimos la historia completa de los ángeles caídos, desde la rebelión en el cielo hasta la teoría que los ubica en la Antártida.

Todo comienza con Luzbel, el ángel más elevado de la creación, cuyo nombre significa ""luz bella"" y a quien también conocemos como Lucifer, el portador de la luz. Las escrituras cuentan que el orgullo y la envidia lo llevaron a rebelarse contra Dios, arrastrando consigo a un tercio de los ángeles del cielo. Fue el arcángel Miguel quien encabezó a los ángeles fieles y ejecutó la expulsión: a los rebeldes les fueron arrancadas las alas y fueron arrojados a la Tierra. Repasamos los pasajes que sostienen este relato, como Isaías 14:12-15 (""cómo caíste del cielo, estrella brillante, hijo de la aurora""), la Segunda de Pedro 2:4, el libro de Job, el Apocalipsis 12 y los numerales 391 a 393 del catecismo, que afirman que la caída fue una elección libre e irrevocable.

Pero la parte más inquietante llega con el libro apócrifo de Enoc. Ahí se describe la llegada de 200 ángeles caídos al monte Hermón, en la frontera entre el Líbano y Siria, donde juraron tomar esposas humanas y transmitir conocimientos prohibidos a la humanidad. El analista Steven Ben-Nun, citado por Israel News Live, sostiene que Enoc también describe el lugar de su prisión final: una tierra que arde de día y de noche, con siete montañas, que coincidiría con el monte Vinson y la cordillera Centinela de la Antártida durante el verano austral, cuando hay 24 horas de luz solar. ¿Mito antiguo o advertencia que seguimos sin entender?

Suscríbete al canal para más documentales de misterio en español: nuevos enigmas cada semana.

#AngelesCaidos #LibroDeEnoc #MisteriosDeLaBiblia","el doqmentalista, documentales de misterio en español, angeles caidos, lucifer, luzbel, libro de enoc, monte hermon, angeles caidos en la antartida, arcangel miguel, rebelion de lucifer, satanas, nefilim, misterios de la biblia, apocrifos de la biblia, angeles y demonios, seres celestiales, enigmas sin resolver, documental biblico"
ZA3psx38Xfc,3745014,"Mitos y Mentiras sobre el infierno, ¿Qué dice la Biblia?",El infierno no es como te lo contaron: la verdad según la Biblia,¿Quién está en el infierno ahora mismo? La Biblia responde,"El infierno que te enseñaron viene de Dante, no de la Biblia","El infierno según la Biblia no se parece en nada al que te enseñaron. Ni círculos de castigo, ni Satanás reinando entre llamas: casi todo lo que crees sobre el infierno viene del arte y la imaginación, no de las sagradas escrituras.

En este documental revisamos, Biblia en mano, los grandes mitos del infierno. Empezamos por el más incómodo: según las escrituras, nadie está en el infierno ahora mismo, salvo Satanás y sus demonios, porque Dios retiene el juicio hasta el día final y los muertos simplemente esperan el regreso de Cristo. Analizamos también el debate entre las buenas obras y la gracia de Dios a partir de Efesios 2:8-9, y la doctrina del aniquilacionismo, que apoyándose en pasajes como Isaías 5:24 sostiene que el tormento no sería eterno, sino que los condenados serían borrados como polvo.

Verás además de dónde salió realmente la imagen popular del infierno: del Tártaro griego, del Sheol judío y, sobre todo, de Dante Alighieri y John Milton, que convirtieron a Lucifer en rey de un reino que, según la teología bíblica, es en realidad su prisión. Repasamos datos que pocos conocen: el Antiguo Testamento no menciona el infierno, y en el Nuevo Testamento aparece apenas 23 veces frente a las 250 menciones del cielo. También abordamos el limbo de los bebés no bautizados, inventado para suavizar la postura de San Agustín; el purgatorio, propuesto por Clemente de Alejandría y oficializado por el papa Gregorio Magno sin respaldo bíblico; el universalismo que promete la salvación de todos; y la advertencia de Mateo 7:13 sobre la puerta estrecha. Al final entenderás por qué muchos teólogos creen que el verdadero tormento del infierno no es el fuego, sino la separación de Dios.

Suscríbete a El DoQmentalista para más documentales de misterio, Biblia y enigmas de la fe en español.

#Infierno #Biblia #Misterio","el doqmentalista, documentales de misterio en español, el infierno según la biblia, mitos del infierno, qué dice la biblia del infierno, lago de fuego, purgatorio, limbo de los bebés, infierno de dante, satanás gobierna el infierno, juicio final, aniquilacionismo, vida después de la muerte, misterios de la biblia, teología cristiana, cielo e infierno, documental bíblico en español"
zEqqlxa5K4o,4113132,Los 72 Demonios Capturados Por El Rey Salomón - El Ars Goetia,Los 72 Demonios de Salomón: El Libro Prohibido del Ars Goetia,No Intentes Invocar a los 72 Demonios: Salomón Lo Advirtió,El Anillo Perdido de Salomón: Así Capturó a los 72 Demonios,"Los 72 demonios de Salomón están descritos en el Ars Goetia, un libro prohibido que explica cómo invocarlos, cómo controlarlos y qué precio cobran a cambio. Este documental te cuenta lo que dice ese texto y por qué nadie debería jugar con él.

Según la leyenda, el rey Salomón capturó a los 72 demonios y los selló en un barril de bronce que fue arrojado a las profundidades de un lago. Tiempo después, los babilonios encontraron el barril creyendo que guardaba un tesoro, lo abrieron y los liberaron a todos. El Ars Goetia los clasifica por jerarquías: reyes, duques, príncipes, marqueses, condes, caballeros y presidentes. Entre ellos aparecen Bael, el rey invisible del este que comanda 66 legiones infernales; Agares, un duque con forma de anciano montado sobre un cocodrilo que enseña todos los idiomas y provoca terremotos; y Vassago, un príncipe capaz de revelar el pasado, el futuro y las cosas ocultas o perdidas. El libro incluso detalla las horas exactas en que cada rango puede ser contenido y advierte sobre los cuatro reyes de los puntos cardinales, que no deben ser llamados salvo en grandes ocasiones.

Pero la parte más inquietante está en el Testamento de Salomón: un niño que trabajaba en la construcción del templo era atormentado cada noche por el demonio Ornias, que le robaba la paga y le drenaba la vida. Salomón oró día y noche hasta que el arcángel Miguel le entregó el anillo pentalfa, un sello con el poder de someter a los demonios. Con la ayuda del arcángel Uriel, el rey capturó a Ornias, luego a Belcebú y así, uno por uno, a los espíritus que confesaron sus nombres y secretos y fueron puestos a trabajar en el templo de Jerusalén. Al final, sin embargo, la fe de Salomón fue quebrantada, el espíritu de Dios se apartó de él y el anillo se perdió para siempre. Nadie sabe dónde quedó.

Suscríbete a El DoQmentalista para más documentales de misterio, ocultismo y enigmas bíblicos en español.

#ArsGoetia #ReySalomon #Demonologia","el doqmentalista, documentales de misterio en español, ars goetia, 72 demonios de salomon, rey salomon, anillo de salomon, testamento de salomon, lemegeton, bael demonio, agares, invocacion de demonios, demonios del infierno, jerarquia de demonios, demonologia, ocultismo, libros prohibidos, misterios biblicos, historia oculta, casos paranormales"
oL3KOYZsm-c,4298116,Historia: 5 Impactos del Evangelio de Jesús en la Religión Moderna,El Evangelio Prohibido de Jesús: el texto que la Iglesia ocultó,La Iglesia lo sabía: el evangelio donde el niño Jesús maldice,Hallado en Egipto: el evangelio oculto de la infancia de Jesús,"El evangelio prohibido de Jesús existe, y no está en la Biblia. En 1945, dos hermanos egipcios encontraron en Nag Hammadi, Egipto, los textos que la Iglesia mantuvo fuera del libro sagrado durante siglos. Esto fue lo que decían.

En este documental analizamos el Evangelio de la Infancia de Tomás, uno de los más de 50 textos gnósticos descubiertos en la biblioteca de Nag Hammadi, la mayor colección de escritos cristianos jamás incluidos en la Biblia. Este evangelio apócrifo retrata a un niño Jesús muy distinto al que conocemos: a los cinco años da vida a gorriones de barro, pero también maldice a un niño que rompe sus estanques de agua y deja sin vida a otro que lo golpea en el hombro. Cuando José intenta disciplinarlo retorciéndole la oreja, el pequeño le responde: ""no sabes que soy tuyo, no me fastidies"". Y su maestro Zaqueo, encargado de enseñarle el alfabeto griego, termina suplicando que se lleven al niño porque no soporta la severidad de su mirada.

También examinamos las teorías de los eruditos sobre este texto: la influencia de la virtus romana, la idea del teólogo James Watt de que se trataría de una sátira, y su conexión con el Antiguo Testamento. Un dato inquietante: el Corán, donde Jesús aparece alrededor de 35 veces, repite el milagro de los pájaros de arcilla que solo figura en este evangelio de la infancia. Y explicamos por qué, tras la conversión de Constantino, los obispos del Imperio romano prohibieron sectas enteras del cristianismo primitivo junto con sus libros, entre ellos los evangelios gnósticos. Porque Tomás no fue el único: existen el Evangelio de la Infancia de Santiago, el evangelio de la infancia sirio y la historia de José el carpintero, todos textos excluidos del Nuevo Testamento.

Un recorrido documentado por los evangelios apócrifos, el gnosticismo y los secretos de la historia del cristianismo que pocos se atreven a contar.

Suscríbete a El DoQmentalista para más documentales de misterio en español: nuevos casos cada semana.

#EvangeliosApocrifos #NagHammadi #MisteriosDeLaBiblia","el doqmentalista, documentales de misterio en español, evangelio prohibido de jesus, evangelio de la infancia de tomas, evangelios apocrifos, nag hammadi, evangelios gnosticos, infancia de jesus, gnosticismo, jesus en el coran, textos prohibidos por la iglesia, historia del cristianismo, misterios de la biblia, libros prohibidos de la biblia, manuscritos antiguos, secretos de la iglesia, documental biblico, cristianismo primitivo"
h9BWLLEKVM0,3663652,Las CASAS Más EMBRUJADAS Del Mundo: Relatos REALES Que Te Helarán La Sangre 🎥👻,"Casas embrujadas reales: si sientes esto al entrar, huye",Casas embrujadas que la ciencia no logra explicar: relatos reales,Casas embrujadas del mundo: la historia completa de 4 lugares malditos,"¿Existen casas embrujadas donde la muerte nunca terminó de irse? Estos son cuatro relatos reales de casas embrujadas y lugares malditos que los propios vecinos prefieren no mencionar.

El recorrido comienza en Murnau, Alemania, en 1972. Una familia de supuesta descendencia vikinga, cuya abuela era señalada como bruja, empezó a enfermar sin razón aparente: once de sus integrantes fueron consumiéndose lentamente hasta morir, mientras la anciana vivió hasta los 113 años. Desde entonces nadie ha vuelto a habitar la casa. Quienes se atreven a entrar aseguran sentirse débiles y sin fuerzas, como si algo dentro les robara la energía, y en el pueblo ni siquiera construyen hogares cerca. De ahí viajamos a la provincia de Ricaurte, en Colombia, a la casa de Marianita: una niña de diez años marcada por la muerte de su madre, que cayó del tejado, y por un final todavía más terrible a manos de su propio padre. La casa quedó abandonada y la gente jura que aún se escucha a Marianita cantando una canción escalofriante.

La tercera historia nos lleva a las afueras de Chicago, Estados Unidos, a una casa abandonada donde se fabricaba alcohol ilegal en tiempos de la Ley Seca. Hoy la leyenda habla de un hombre ebrio, con botella y escopeta, que merodea por las noches, se asoma por las ventanas y enciende fogatas, pero al que nadie ha podido verle el rostro. Cerramos en Kansas, el 22 de septiembre de 1981: tres niños no volvieron de la escuela y sus padres los encontraron ahorcados junto a su profesor, con un mensaje inquietante escrito en el pizarrón. La escuela fue cerrada para siempre y todavía hay quien reporta niños asomados a sus ventanas.

¿Leyendas urbanas o actividad paranormal genuina? En este documental reunimos los testimonios y los hechos tal como se cuentan, para que seas tú quien decida qué tan lejos llega el misterio.

Suscríbete a El DoQmentalista para más documentales de misterio en español.

#CasasEmbrujadas #Paranormal #HistoriasDeTerror","el doqmentalista, el documentalista, documentales de misterio en español, casas embrujadas, casas embrujadas reales, casa de marianita, escuela maldita de kansas, casa embrujada en alemania, casa de la ley seca, lugares malditos del mundo, historias de terror reales, relatos paranormales, fantasmas reales, leyendas urbanas, casas abandonadas, actividad paranormal, misterios sin explicación"
ySa6epoj-l8,4226433,El Demonio Enamorado - El DoQmentalista,Ángel y Demonio: La Historia Completa de un Amor Prohibido,Los Demonios También Aman: El Precio que Pagó Este Ángel,El Amor que el Cielo Quiso Borrar: Un Ángel y un Príncipe del Infierno,"El demonio enamorado es la leyenda de un amor prohibido entre un ángel y un príncipe de las tinieblas, una historia donde amar de verdad puede costar las alas, la familia y hasta los recuerdos.

Todo comienza con un ángel que bajaba en secreto a la tierra porque amaba la música y las fiestas de los humanos, prohibidas en el paraíso. Escondida en el bosque junto al pueblo, bailaba sola entre los árboles, hasta que un demonio que también visitaba el mundo humano la descubrió. No era un demonio cualquiera: era un príncipe del infierno, maestro del engaño, capaz de cambiar de forma a voluntad. Él le ofreció un trato imposible de rechazar: ocultar sus alas con su magia para que pudiera bailar por fin entre los humanos, en aquella alegre taberna del pueblo.

Lo que empezó como un pacto se convirtió en una historia de amor prohibido entre ángeles y demonios, vivida en secreto bajo identidades falsas. Pero las leyes del cielo son rigurosas: cuando sus superiores descubrieron sus escapadas, llegaron las amenazas del destierro, la pérdida de sus alas y el exilio de su familia, porque ella era candidata a suceder a un arcángel. Una nota traída por una paloma blanca la obligó a elegir entre su mundo y el ser que amaba. La decisión final del demonio, frente al guardián angelical que vino a llevársela, es de esos giros que no se olvidan: a veces amar de verdad significa dejar en libertad, aunque eso implique borrar hasta el último recuerdo y esperar, transformado en un pequeño pájaro violeta, a que ese amor regrese algún día.

Una historia narrada sobre seres sobrenaturales, sacrificio y romance oscuro, contada con el estilo de los relatos de misterio del canal.

Suscríbete a El DoQmentalista para más historias y documentales de misterio en español, nuevas cada semana.

#AmorProhibido #Leyendas #ElDoQmentalista","el doqmentalista, documentales de misterio en español, el demonio enamorado, amor prohibido entre un angel y un demonio, historia de un angel y un demonio, principe de las tinieblas, angeles y demonios, leyendas de demonios, historias de amor prohibido, relatos sobrenaturales, historias narradas en español, leyendas de misterio, romance oscuro, cuentos oscuros narrados, seres sobrenaturales, historias paranormales"
CyCPZXyB-Yc,4015160,10 ángeles caídos Más Importantes y sus nombres,Ángeles caídos: los 10 nombres del libro prohibido de Enoc,Ángeles caídos: 10 nombres que regresarán en el apocalipsis,Ángeles caídos: le enseñaron al hombre la guerra y el pecado,"Los ángeles caídos tienen nombre, historia y una misión que todavía no termina. En este documental revelamos los 10 ángeles caídos más importantes según la Biblia y el Libro de Enoc, y lo que cada uno le enseñó en secreto a la humanidad.

Todo comienza con una batalla en el cielo. Según los textos bíblicos y apócrifos, Lucifer arrastró a un tercio de los ángeles en una rebelión contra Dios, movidos por tres causas que las escrituras señalan con claridad: el libre albedrío, la lujuria y la vanidad. Derrotados por los ángeles fieles, los rebeldes fueron expulsados de forma permanente y quedaron desterrados en el plano espiritual de la Tierra. Es lo que se conoce como la caída, y desde entonces a esos ángeles los llamamos demonios.

El Libro de Enoc, un texto apócrifo excluido del canon bíblico, habla de 200 ángeles caídos, pero solo unos pocos tienen nombre propio y peso en la historia humana. Aquí repasamos a los diez más importantes: Abaddón, el carcelero del inframundo encargado de que Lucifer y los suyos no escapen, descrito incluso como la ira de Dios; Leviatán, la serpiente marina de varias cabezas que aparece en Salmos 74:14 y que Santo Tomás de Aquino identificó como el demonio de la envidia, uno de los siete príncipes del infierno; Semyaza, líder del pacto del monte Hermón, donde los ángeles juraron descender por las mujeres humanas y engendraron a los gigantes nefilim; Azazel, que enseñó a forjar espadas de hierro, escudos y corazas, y a trabajar el oro, la plata y las piedras preciosas; Gadreel, señalado como el observador caído que engañó a Eva y mostró al hombre las armas de la muerte; Penemue, que entregó el secreto de la escritura con tinta y papel, un conocimiento que no estaba destinado a los mortales; y Kasdeja, el último gran maestro caído, que reveló los secretos de los espíritus. Según estos mismos textos, varios de ellos volverán a enfrentarse a los arcángeles Miguel, Gabriel y Rafael durante el apocalipssis final, donde serán atados y juzgados.

Suscríbete a El DoQmentalista para más documentales de misterio, textos apócrifos y enigmas de la Biblia.

#AngelesCaidos #LibroDeEnoc #Misterio","el doqmentalista, documentales de misterio en español, angeles caidos, nombres de angeles caidos, libro de enoc, abaddon angel caido, leviatan demonio, semyaza, azazel, gadreel, penemue, nefilim, monte hermon, lucifer, demonologia, misterios de la biblia, textos apocrifos, apocalipsis biblico"
_RJJOQnCuvs,3960726,"Misterios: Adrammelech, el demonio que desafía la autoridad de Satanás",El demonio más poderoso que Satanás: la Biblia lo nombra dos veces,La ciudad borrada del mapa donde quemaban niños a un demonio,La historia completa del demonio que quiso derrocar a Dios antes que Lucifer,"Adrammelech es llamado el demonio más poderoso que Satanás, y lo más inquietante es que su nombre aparece dos veces en la Biblia sin que quede claro si se trata del mismo ser.

En este documental seguimos el rastro de Adrammelech desde Segunda de Reyes 17:31, donde se relata que los habitantes de Sefarvaim quemaban a sus propios hijos en el fuego como ofrenda a este dios pagano. Sefarvaim es una ciudad antigua que existió junto a Babilonia, Hamat y Damasco, pero que misteriosamente nadie ha podido ubicar en el mapa; algunos estudiosos la sitúan en el margen oriental del Éufrates. Tras ser conquistados por el ejército asirio, sus habitantes fueron reubicados en Samaria después del exilio de los israelitas, y llevaron consigo su lengua, sus costumbres y su religión de sacrificios.

Pero la Biblia también menciona a otro Adrammelech: el príncipe de Asiria que, junto a su hermano Sarezer, asesinó a espada a su propio padre, el rey Senaquerib, mientras adoraba en el templo de su dios Nisroc, y luego huyó a la tierra de Ararat. Una inscripción de Esarhaddón, el hijo sucesor y vengador, confirma el crimen. ¿Cómo pasó un mortal condenado por parricidio a convertirse en un dios pagano y después en uno de los demonios de la Biblia?

La demonología lo describe como gran canciller del infierno y presidente del alto consejo de los demonios, un ser con rostro de mula que a veces se muestra como pavo real, octavo de los diez archidemonios de la Orden de la Mosca de Belcebú. En El Paraíso Perdido es un ángel caído derrotado por los arcángeles Uriel y Rafael, y en El Mesías de Klopstock es un espíritu de astucia y malicia que sobrepasa a Satanás: el primero en intentar la apostasía contra Dios y el que luego quiso arrebatarle el trono al propio príncipe del infierno. Todo esto conecta con el caso de Jesús Arreola, el hombre cuya alma, según una vidente, sería la de este mismo demonio.

Ficha completa del video en la web del canal:

Suscríbete a El DoQmentalista para más documentales de misterio, demonología y enigmas de la Biblia.

#Adrammelech #Demonologia #MisteriosDeLaBiblia","el doqmentalista, documentales de misterio en español, adrammelech, adramelech, demonio mas poderoso que satanas, demonios de la biblia, sefarvaim, senaquerib, orden de la mosca, angeles caidos, demonologia, ocultismo, misterios biblicos, paranormal en español, lucifer y satanas, el paraiso perdido, antiguo testamento"
